TFB2M	SMYD3
HDAC1	MARK1
CYTOCHROME_B	CANX
TESK2	KNCN
ARHGAP29	COL24A1
RCC1	RPL22
PMVK	PYGO2
LOC100286793	BC065231
WDR47	GNAI3
SRGAP2P2	RASSF5
ZCCHC11	NFIA
GTF2B	CCBL2
C1ORF167	ZC3H12A
TADA1	CADM3
PRG4	MTATP8P1
ATPIF1	STIL
PIP5K1A	GABPB2
HIVEP3	HIVEP3
EFNA3	USP21
FBXO42	C1ORF144
SYT14	HSD11B1
CAMTA1	DHRS3
TBCE	SIPA1L2
WARS2	RPF1
NUCKS1	CTD
MYOM3	PTPRU
EPB41	YTHDF2
AKT3	C1ORF150
PLOD1	S100A6
PUM1	EIF4G3
GATAD2B	NUP210L
LMO4	LMO4
SETDB1	RPRD2
ITLN1	LOC101928372
FAM69A	LRRC8D
LOC100130000	LOC728875
IRF6	DIEXF
SERINC2	SERINC2
RP5	
LDLRAP1	TMEM57
FBXO44	AGTRAP
UAP1	RGS4
EIF4G3	RAP1GAP
MTND1P23	YBX1
HNRNPR	TXLNA
PPP1R12B	MCL1
CENPF	HS2ST1
HSPG2	MYBPHL
BTF3L4	STMN1
HHAT	KCNH1
FAF1	HOOK1
RNF115	TRNAU1AP
C1ORF176	ZNF684
TRIM58	OR2T33
KIRREL	CD48
ARNT	PI4KB
RNF207	C1ORF188
PTGFRN	AGBL4
KDM4A	KDM4A
XPR1	KIFAP3
GAS5	DPH2
PBX1	RFWD2
MTATP6P1	PBXIP1
HSA	6723
LOC728855	BC065231
AKIRIN1	PTPRC
CHI3L1	THBS3
MFN2	MFN2
MTF2	BRDT
EXOSC10	KPNA6
AGRN	AGRN
VPS45	PLEKHO1
FLJ39739	BC023516
ANP32E	CTSK
PBXIP1	ACBD6
PTPRF	HIVEP3
MXRA8	CDK11A
MTATP8P1	HSA
TMEM50A	TMEM50A
ARHGEF11	PEAR1
ACTN2	ACTN2
JTB	SNAPIN
FUBP1	LRRC7
KIF1B	RERE
CD58	MAN1A2
ACTA1	TNNT2
RP5	
SRM	USP33
MTOR	CR1L
PIGK	TGFBR3
PCP4L1	NDUFS2
H3F3A	PARP1
IPO9	IPO9
GBP5	GBP4
NCF2	PAPPA2
SKI	SSU72
ARID1A	PRKCZ
PRCC	RHBG
PUM1	SNRNP40
H6PD	H6PD
C1ORF123	ALG6
SCMH1	GPBP1L1
EPHB2	EPHB2
TBX19	PCP4L1
HOOK1	HOOK1
TRIM11	SLC2A5
THRAP3	GRIK3
ARHGEF10L	CSDE1
KIF26B	C1ORF101
MUC1	GBA
YBX1	MTATP6P1
FDPS	SRSF4
LDLRAD2	LDLRAD2
PSEN2	ADCK3
NBPF3	EPHB2
SSR2	SSR2
CMPK1	CMPK1
DEGS1	CDC73
ST3GAL3	TAL1
MTATP6P1	STMN1
MIR548F1	MIR548F1
UBE4B	RBP7
AKR7A2	AKR7A3
CAPZB	APITD1
CYSLTR2	ARMCX4
GPATCH3	C1ORF172
RGL1	NMNAT2
RLF	MACF1
CR1L	CR1
ATP1B1	ATP1B1
INPP5B	SF3A3
KIAA0319L	CLSPN
EFNA4	FLAD1
CMPK1	SERINC2
YARS	S100PBP
KDM5B	ITPKB
AKR1A1	EIF2C3
CLIC4	PLOD1
CSRP1	CSRP1
ELF3	ELF3
EPB41	PIGV
RNU5F	
MPZL1	TNFSF4
PIAS3	PODN
PTPRU	EPB41
PUSL1	ACAP3
RAD54L	VASH2
PHACTR4	HENMT1
GON4L	MEX3A
SEC22B	ACOT11
MCL1	MCL1
PRKAB2	RFWD2
SNRNP40	PEF1
GJA5	GJA5
DENND2C	AMPD1
TMEM51	TMEM51
CSDE1	NRAS
YY1AP1	YY1AP1
SSBP3	SSBP3
KCNN3	ASH1L
STMN1	CSMD2
MAPKAPK2	SRGAP2P2
SCP2	STXBP3
RAD54L	LRRC41
ARHGEF11	PLEKHA6
PAQR6	PAQR6
ZNF672	NME7
CSF3R	MRPS15
ABCD3	ABCA4
FAIM3	FAIM3
TMCO1	TMCO1
MTHFR	PRDX1
LAMB3	LAMB3
SYDE2	SYDE2
RABGGTB	RABGGTB
RRNAD1	CTSS
POU2F1	TMCO1
STX12	USP48
RERE	SLC2A5
TMEM39B	C1ORF94
C1ORF132	PROX1
ACP6	INTS7
DENND2C	BCAS2
IGSF3	C1ORF137
RASAL2	RABGAP1L
RLF	FAM132A
ARID1A	RPS6KA1
IGSF3	MAN1A2
LEPROT	IPO9
ELK4	SLC26A9
NUP210L	TPM3
ARID4B	ARID4B
TNFRSF14	TXLNA
ALDH9A1	NME7
CAPZB	NECAP2
SLC6A9	EIF2B3
KLHL12	RABIF
LMO4	UROD
EIF4G3	RERE
ARID1A	UBE2U
TESK2	MAN1C1
CEP170	SDCCAG8
FAF1	TTC39A
TMCC2	TMCC2
SPSB1	H6PD
ASH1L	GPATCH4
PTGFRN	TRIM45
IFI16	UAP1
LRRN2	CTSS
EIF4G3	LIN28A
ELK4	PLXNA2
WDR77	WDR77
SPSB1	TAF12
MTATP6P1	HSA
SRSF11	SRSF11
RPA2	FCN3
RLF	MYCL1
PUM1	NKAIN1
FCRLA	FCRLA
PRCC	TMED5
PKN2	COL24A1
AKR7A2	AFAR3
CHI3L1	APOA2
RPRD2	CA14
CLSPN	CLSPN
AHDC1	AHDC1
SDCCAG8	TFB2M
RCC1	TRNAU1AP
MAP3K6	MAP3K6
TGFB2	ZFYVE9
MAST2	PSMA5
STIL	TAL1
C1ORF175	TTC4
NOS1AP	PBX1
PUM1	HNRNPR
ATP1A1	ATP1A1
PLXNA2	TMEM50A
PKP1	PKP1
KPNA6	PSMB2
FBXO42	SPATA21
MTATP8P1	NUCKS1
MEF2D	CD55
IL22RA1	C1ORF201
RP5	
INADL	APITD1
THEM4	S100A10
AP4B1	CSDE1
KAZN	GNB1
ARNT	ARNT
RP5	
LOC728875	BC065231
C1ORF21	S100A16
S100A13	GBA
PUM1	RNF207
DFFA	CORT
AKIRIN1	MEAF6
EFNA1	ADAM15
RFWD2	XPR1
PPP1R12B	PPP1R12B
SLC25A44	SEMA4A
DSTYK	NUCKS1
KIAA0907	ARHGEF2
CYP4B1	CYP4X1
FMOD	FMOD
IFI44L	SLC44A3
MYSM1	INADL
SPATA6	PIK3R3
PLXNA2	DUSP10
TIMM17A	RASSF5
EIF2C3	PIK3CD
MAGI3	MAGI3
EPHA2	FBXO42
ACADM	RABGGTB
NID1	NID1
ADAMTS4	ADAMTS4
F5	SCYL3
MTATP8P1	NUDC
MAGI3	NOTCH2NL
FLAD1	UBAP2L
PDE4B	JAK1
FOXJ3	CCDC23
S100A3	S100A4
GON4L	MTX1
CENPF	SUSD4
C1ORF132	GRIK3
BROX	SUSD4
RPL11	TCEB3
HS2ST1	FNBP1L
ICMT	KIAA1804
GLUL	GLUL
THRAP3	NFIA
PRDX1	TMEM167B
RERE	RERE
MTATP8P1	AHCYL1
ATG4C	ATG4C
SRGAP2	KCNJ10
ETNK2	REN
CELA2B	AMY2B
UCK2	MRPL9
DDI2	C4BPB
XPR1	TYW3
ENSG00000241800	LAPTM5
INADL	DNAJC6
CSMD2	PHC2
CYP4Z1	CYP4X1
ZBTB40	VPS13D
USP48	SEPN1
KDM4A	ST3GAL3
SWT1	GLT25D2
PPP1R15B	DISP1
PEX14	PEX14
XPR1	NME7
TTC39A	FGGY
C1ORF135	PADI1
C1ORF9	DENND1B
CRTC2	CRTC2
TRAPPC3	TRAPPC3
RTCA	SLC30A7
KLHL20	SERPINC1
S100A6	S100A7A
UBR4	UBR4
LOC100130000	LOC728855
DCST1	ADAM15
WASF2	FGR
NRD1	USP24
HENMT1	MYBPHL
EIF4G3	NSUN4
SDHC	ITLN2
C1ORF55	SLC22A15
ACP6	PIAS3
PTPRF	PTPRF
ATP1A1	SLC22A15
ZNF670	SMYD3
XPR1	LHX4
ASH1L	AIM2
DVL1	PLCH2
GALNT2	TAF5L
PRAMEF1	PRAMEF2
S100A16	S100A16
AK311108	LOC728875
RAP1A	RAP1A
NEK7	ATP2B4
TMEM9	TMEM9
TARBP1	ARID4B
ZNHIT6	ZNHIT6
ATAD3B	CPSF3L
BC110832	BX647792
CSMD2	TMEM222
INTS3	SLC27A3
DHCR24	EPHX1
IPO9	S100A13
FAM129A	FAM129A
NUCKS1	PM20D1
CYB561D1	CYB561D1
ZNF326	CCDC18
CLK2	CD244
S100A1	MTATP6P1
CHRM3	CASQ1
MTND2P28	TARDBP
ARNT	RIIAD1
NUDC	TRNP1
SRSF11	CAMTA1
PMVK	PMVK
SIPA1L2	SIPA1L2
TYW3	TYW3
MAPKAPK2	AXDND1
KIRREL	CD1A
ZNF670	ZNF695
GON4L	IQGAP3
CD55	C4BPA
AKIRIN1	AKIRIN1
RPS6KC1	KCNH1
HHAT	SERTAD4
AKT3	CEP170
ACOT7	RPL22
ZBTB7B	ZMPSTE24
FAM73A	NEXN
FMO2	C1ORF129
SLC27A3	SLC27A3
CTH	CTH
DYRK3	DYRK3
SLC2A1	GRHL3
CCNL2	RP4
ARHGAP30	ARHGAP30
PLEKHN1	KLHL17
UAP1	NOS1AP
VPS72	TMOD4
TUFT1	ACBD6
RABGGTB	ACADM
GUK1	GUK1
NFIA	RYR2
CLIC4	CCDC28B
C1ORF55	C1ORF110
PUM1	RAP1A
NBPF8	INADL
MTND5	TVAS5
PHLDA3	MYBPH
GBP1	GBP3
NPPA	
CSMD2	CSMD2
NMNAT1	MAD2L2
OPTN	XG
MORN1	CMPK1
TMOD4	VPS72
SNHG3	RCC1
DHDDS	VPS13D
GATAD2B	LELP1
LAMC2	LAMC2
PCP4L1	SDHC
DNM3	CD247
INTS3	CHTOP
ZBTB48	ESPN
FAM69A	NTNG1
MTND2P28	PRDX1
SPRR2D	SPRR2B
C1ORF112	NEGR1
KDM1A	KDM1A
RASAL2	ZNF695
NSL1	BATF3
FMO5	FMO5
KIAA1324	KIAA1324
RASAL2	RASAL2
CCT3	ARHGEF11
ABCD3	ARHGAP29
LRRC41	FAM159A
LYPLAL1	RRP15
CEP170	UBE2Q1
QSOX1	LHX4
EPS15	CCDC18
ESPN	FBLIM1
ACAP3	CPSF3L
IRF6	C1ORF74
NOTCH2	MNDA
ASH1L	FAM78B
TRNAU1AP	RCC1
KIAA0090	CAPZB
SRRM1	NFYC
RALGPS2	RASAL2
PRDX6	CTSK
HSPB11	ZCCHC11
LAMC1	LAMC1
NFASC	NTRK1
ATAD3A	CPSF3L
MTATP8P1	SZRD1
GOLPH3L	HORMAD1
TRIM58	OR2W3
LINC01135	DAB1
CEP85	GRRP1
ERI3	EIF2B3
HMGCL	S100PBP
KCTD3	KCTD3
RER1	KIF26B
YTHDF2	EYA3
PPIE	PPIEL
CACHD1	CLIC4
KIF1B	UBE4B
H6PD	CA6
GALE	PITHD1
NASP	PIK3R3
MAGOH	ACADM
PFKFB2	PFKFB2
PPP1R12B	GPR37L1
MACF1	INPP5B
RPRD2	LCE1C
NOTCH2NL	UCK2
PIP5K1A	TNFAIP8L2
OSBPL9	OSBPL9
ACTN2	CHRM3
HDAC1	SERINC2
CAPZB	SPSB1
PGLYRP3	SPRR2G
MEX3A	RPS4X
STX12	PPP1R8
RERE	GPR157
BCL9	GOLPH3L
LRRC40	C1ORF151
NOS1AP	ATF6
PLEKHG5	TNFRSF8
SZT2	SZT2
IVNS1ABP	GLUL
RERE	ENO1
PUM1	ZMYM1
APITD1	CORT
KDM4A	AL139289.1
MTND2P28	STMN1
SDHB	MST1P9
STX6	TNR
SLC35A3	C1ORF194
CYTOCHROME_B	WDR48
TRMT1L	SWT1
POU2F1	LCE2A
PMF1	BGLAP
UBR4	CAPZB
KLHL21	KLHL21
ZZZ3	AK5
NBL1	C1ORF151
RPL11	RPL11
PBX1	LRRC52
CNST	CNST
AKR7A3	CAPZB
CNKSR1	MAN1C1
SLAMF1	CD1A
TPM3	NTRK1
HAO2	HAO2
NOL9	ACOT7
CTNNBIP1	UBE4B
ARHGEF2	S100A7
APH1A	APH1A
MPZL1	NCF2
GBP6	GBP1P1
TXNIP	NBPF20
RP5	
NBPF9	DPYD
AKT3	AKT3
RNF115	PIAS3
NOS1AP	C1ORF129
FMO2	FMO2
THRAP3	KIAA0319L
INADL	NFIA
TESK2	C8A
TSEN15	ACBD6
SPRR3	SPRR1A
S100A2	HSA
STMN1	STMN1
TRIT1	CHI3L2
SHC1	PYGO2
DNM3	RFWD2
FTX	RPS15A
ATP2B4	ATP2B4
ALG14	CNN3
ANXA9	MRPL9
LEPROT	LEPR
SRPK1	SCML1
PHGDH	EPHX1
THRAP3	MAP7D1
RASAL2	NUF2
MTND2P28	SMG7
MEF2D	SLC45A3
CKS1B2	FLAD1
TOE1	TOE1
PBX1	RGS7
PTGFRN	PTGFRN
CHTOP	CHTOP
SHC1	RPRD2
AMY2A	CTRC
RFWD2	SRGAP2
DHX9	ZBTB37
PHGDH	PHGDH
CTSS	CTSS
FBXO42	FBXO42
CD34	CD34
VANGL2	VANGL2
PHTF1	ESRRG
TTLL7	GNG5
NFASC	LRRN2
MTND2P28	PITHD1
DAP3	RAB25
NME7	C1ORF114
RAB3B	MYSM1
SLC25A44	PMF1
MACF1	FOXJ3
SCP2	ECHDC2
BCL10	DPYD
TPT1	FLJ44635
PTPN7	PTPN7
AGBL4	FAF1
ZCCHC17	SERINC2
ZBTB37	CAMTA1
SPRR3	SPRR1B
NADK	C1ORF222
ZMPSTE24	CAP1
HIAT1	PALMD
PRUNE	PRUNE
ABCD3	AK5
TMEM56	FNBP1L
NVL	SUSD4
QSCN6	FLJ23867
PDE4DIP	COPA
CASZ1	IPO13
PEX19	WDR42A
SRGAP2B	SRGAP2
SYT2	KDM5B
CPT2	CPT2
F11R	F11R
PDZK1IP1	MTATP8P1
ARID4B	GNG4
FBLIM1	DNAH14
PPP1R8	SPATA6
C4BPA	C4BPB
RNF11	C8A
TESK2	IPP
NRD1	FAF1
DNM3	C1ORF9
IFI16	ENO1
AK5	URB2
ARHGEF11	CD48
SLC44A5	FAM73A
LRIG2	CHIA
IL28RA	C1ORF201
BTF3L4	INADL
SESN2	SESN2
C1ORF21	ANGPTL1
NFYC	KCNQ4
GNPAT	GNPAT
RCC1	GNB1
RP5	
ACOT7	ACOT7
TNNT2	ACTA1
SCAMP3	SCAMP3
CYTOCHROME_B	LOC100093631
FMN2	DUSP9
METTL13	EIF4G3
SFT2D2	TBX19
KDM5B	RABGAP1L
NFASC	PPP1R12B
VAMP3	VAMP3
KDM5B	UAP1
RAB3GAP2	NEK7
KPNA6	KPNA6
AMY2B	CELA3B
SFT2D2	SUCO
ARID4B	B3GALNT2
UBR4	HSPG2
SPEN	TMEM51
TTC39A	MRPL37
YY1AP1	ARHGEF2
NFASC	PRELP
TNNT2	NPPA
STX12	TMEM222
HOOK1	FGGY
MAST2	FAM183A
SH3BGRL3	HCRTR1
FHL3	SF3A3
CDC42BPA	PLXNA2
SERBP1	JTB
BSDC1	ZMYM4
KIAA0319L	SFPQ
APH1A	SLAMF1
RPS6KC1	FLVCR1
RERE	SLC2A7
IPO13	EIF2B3
IFFO2	HP1BP3
CACHD1	ROR1
HIVEP3	CREB3L4
UAP1	BCL9
MAGI3	AKT3
CYP4B1	CYP4B1
PRUNE	SRGAP2P2
PRRC2C	FMO3
KIRREL	RBP7
FLJ39739	BX647792
PPAP2B	PPAP2B
PUM1	SDCCAG8
HSPG2	NTNG1
ZZZ3	FUBP1
TMCO4	C1ORF196
THUMPD3	GNL3L
NFIA	GNPAT
MAN1C1	TMEM50A
SMYD2	MTATP6P1
RNF11	RNF11
INADL	GLIS1
TNNT2	MTATP8P1
DCAF6	MPZL1
USP21	PVRL4
PDE4B	PDE4B
POMGNT1	POMGNT1
AGBL4	DTL
ARNT	RP11
KDM1A	EPHB2
GNG5	CTBS
RAD54L	MAST2
RNF115	C1ORF116
FAF1	ITGB3BP
PER3	DNAJC11
CRNN	SPRR1B
SPEN	DNAJC16
CTBS	GNG5
NOC2L	LRRC38
ARID4B	GGPS1
CELA2A	CTRC
STX12	WDTC1
FUBP1	IVNS1ABP
WARS2	NTNG1
ZMPSTE24	MEAF6
PAX7	TMEM57
RNF115	PRPF3
LRRC8C	LRRC8D
HSA	6723
LYPLAL1	KCTD3
FNDC5	FNDC5
GNG12	DIRAS3
WLS	DIRAS3
NCSTN	SPRR2G
RP5	
PBXIP1	GBAP1
RGL1	RASAL2
NIT1	C1ORF105
UBE2J2	GNB1
NFYC	ZBTB7B
CTNNBIP1	CLSTN1
NBPF9	NBPF24
CASZ1	ALG14
C1ORF21	HHAT
SMYD2	SMYD2
AK128431	MORN1
CLSTN1	CTNNBIP1
CCDC23	CLCA2
H6PD	EPHB2
SFT2D2	C1ORF9
DUSP5P	RHOU
ATF6	PCP4L1
BCL9	C1ORF21
CCT3	CCT3
SNRNP40	EPB41
MYSM1	ALG14
PDE4DIP	HSA
SCMH1	EIF2B3
TUFT1	TUFT1
CELA3A	LINC00339
ADAR	KRTCAP2
PLEKHG5	KHDRBS1
RPS6KC1	RHOU
RBM23	FLJ44635
FBXO42	LAPTM5
MAST2	C1ORF228
CSMD2	IFI44L
LOC100286793	BC023516
INADL	CACHD1
PRDM2	AADACL4
HMCN1	RNF2
USP1	SGIP1
WDR47	C1ORF194
C1QC	ARID1A
EPB41	EPB41
NFIA	SCP2
HDGF	MRPL24
CAMK2N1	LPGAT1
TYW3	CRYZ
SMYD3	RP11
ASAP3	CAMTA1
GATAD2B	TNFSF18
RPL22	ACOT7
PUM1	PUM1
CHTOP	S100A13
CASZ1	EXOSC10
LPHN2	LPHN2
ICMT	UHMK1
GATAD2B	KCNN3
PRPF3	VPS45
WDR3	SPAG17
CMPK1	SH2D1B
HIST2H3D	HIST2H2BF
CHIA	PIFO
NCSTN	ATP1A4
HSPG2	LOC102724312
ZNHIT6	CFHR5
DOCK7	INADL
GNB1	GNB1
CNTN2	PKP1
LUZP1	IL28RA
USP1	USP1
NFIA	CYP2J2
NOS1AP	SHE
MEF2D	APOA2
SCMH1	MACF1
KIF17	S100A6
NOL9	DNAJC11
JAK1	ATF3
PPPDE1	CAPZB
ATP2B4	OPTC
PPPDE1	PGBD5
GON4L	CCT3
KLHL20	SRGAP2
DNTTIP2	GCLM
HP1BP3	CAPZB
ADAMTSL4	ADAMTSL4
SRRM1	NFIA
HNRNPU	HNRNPU
PBX1	LOC400794
NBPF9	NBPF11
RUSC1	CKS1B
TOR1AIP2	IFRG15
CTPS	NFYC
NCSTN	NHLH1
RCC1	ENAH
RWDD3	TMEM56
MANEAL	MTF1
QSOX1	QSOX1
PRUNE	LCE2A
XPR1	NCF2
RYR2	RYR2
XPR1	IGFN1
VTCN1	PTGFRN
LOC100133445	TNFRSF14
SLC41A1	C1ORF159
SLC39A1	RAB13
SPATA6	CRYZ
ENSA	CTSS
LOC101929099	MAN1A2
AK311108	LOC728855
SETDB1	CFHR4
PRDX1	MMACHC
ARID1A	TRNP1
KCNAB2	KCNAB2
PYHIN1	IFI16
GNAI3	CYB561D1
HSA	6723
ARID4B	NTPCR
HSA	6723
DCLRE1B	DNAJB4
MTND1P23	RER1
NEK2	METTL13
MFN2	PLOD1
ZBTB8OS	SYNC
INPP5B	INPP5B
PIK3R3	RAD54L
MTND5	AD_1
HHAT	CD34
HIST2H3D	HIST2H2BA
RP5	
NME7	ASH1L
EDEM3	LAMC1
SPRR2A	SERINC2
EXOSC10	MTOR
PSMA5	USF1
ANKRD35	PIAS3
OPN3	CHML
WASF2	VANGL1
ATF6	GJA5
MCL1	CTSS
SKI	CAPZB
AQP10	ATP8B2
PIP5K1A	SCNM1
YOD1	C1ORF116
PSRC1	PSRC1
ECE1	FAM183A
CAMTA1	THAP3
CASZ1	MASP2
EIF4G3	ECE1
C1ORF9	PRRC2C
GNB1	KIAA1751
EDEM3	SMG7
SLC41A1	SLC41A1
RPF1	GNG5
USP33	USP33
TP53BP2	WDR26
ANP32E	GOLPH3L
YARS	RNF19B
NBPF14	C1ORF112
PEX14	PGD
AK130276	PPP1R12B
TRAF3IP3	C1ORF74
DNAH6	BC018860
SLC45A3	FLAD1
KIAA0754	MACF1
CROCC	NBPF3
THRAP3	TRAPPC3
CELA2A	CELA3B
RP11	
TNNT2	MTATP6P1
GNPAT	PCNXL2
GNAI3	SARS
TRNAU1AP	PHACTR4
C1QA	C1QC
TRIT1	MFSD2A
ZBTB40	NBPF3
SF3A3	SF3A3
NUP133	FAF1
FCGR2A	SPTA1
SKI	SKI
MTATP6P1	ENO1
HIST2H2BE	CAPZA1
MACF1	RLF
SYF2	RHD
C1ORF56	CDC42SE1
GUK1	ITPKB
F3	C1ORF21
LRRC8D	PALMD
DHCR24	DHCR24
VAV3	VAV3
RASSF5	IKBKE
IFI6	C1ORF201
ARID1A	MAST2
ERRFI1	NCF2
S100A13	HSA
NFASC	ATP2B4
TNFRSF14	C1QA
SEPN1	FAM54B
SMYD3	WLS
HP1BP3	EIF4G3
SZT2	RRAGC
SMYD3	TFB2M
ACOT7	PLEKHG5
SOX13	SOX13
CEP350	LEPROT
CDK11B	CDK11A
BSDC1	HDAC1
HAPLN2	HAPLN2
KIF26B	TRNAU1AP
PANK4	TTC34
NOTCH2NL	NBPF8
RD3	RD3
TAGLN2	CCDC19
HSPB7	MTATP6P1
TCEB3	ZCCHC11
TINAGL1	TINAGL1
LGALS8	TRIM67
CDC42	CELA3B
PSEN2	RP11
ZNF670	WDR64
SLC16A1	SLC16A1
YIPF1	YTHDF2
MARK1	SLC30A10
RASAL2	COPA
MUC1	MUC1
KPNA6	ZCCHC17
ZRANB2	
FAM102B	SLC25A24
RGS1	RGS1
RLF	KPNA6
GDAP2	ADORA3
NEK7	INTS7
TOR1AIP2	IFI16
SPEN	CLCNKA
RFWD2	KIF14
SETDB1	CD46
C1ORF21	C1ORF27
AHCYL1	GNAI3
RERE	ZNF692
LGALS8	LGALS8
RPL11	EPHX1
COPA	COPA
NEK7	RAB3GAP2
PRRC2C	FASLG
PUM1	ARV1
PRPF38A	ABCD3
FAF1	AGBL4
SLC30A10	MEX3A
CEPT1	MOV10
TTLL7	SAMD13
CACYBP	RABGAP1L
THEM4	DCST2
UBE2J2	ACAP3
PRKCZ	GABRD
CTSS	TDRD10
ZZZ3	MCL1
TXNDC12	KTI12
GNB1	CEP104
MACF1	B4GALT2
NPPB	HSA
NME7	LMX1A
AGBL4	AGBL4
HNRNPR	E2F2
ASH1L	NSL1
PTPN14	NSL1
DDR2	FMO4
KAZN	MTOR
TBCE	GGPS1
FAF1	FNBP1L
NME7	KMO
MOV10	ZNHIT6
IRF6	SRGAP2
GALNT2	GALNT2
MTF1	MTF1
WASF2	KHDRBS1
NOS1AP	C1ORF226
RIT1	TARS2
PTPRF	ST3GAL3
AL139289.1	WDR65
S100A6	AIM1L
FDPS	IPO9
USF1	USF1
SYTL1	SYTL1
GAS5	RAB7L1
UQCRH	PIK3R3
XPR1	FAM5C
UBE4B	PDPN
KIRREL	DDR2
SNRNP40	SPOCD1
FCN3	MAP3K6
SLC35E2B	SLC35E2
HS2ST1	SSX2IP
NBPF24	NBPF15
PALMD	PALMD
PRCC	RRNAD1
FLAD1	ZBTB7B
PLXNA2	PLXNA2
MTR	IFI16
IARS2	ALDH9A1
RPS6KC1	SDCCAG8
ARID1A	BEND5
PPP2R5A	SPATA17
MPZL1	DCAF6
SELENBP1	SELENBP1
CDC42SE1	CDC42SE1
HIVEP3	ZMYND12
LSM10	STK40
DENND1B	ATP6V1G3
MAST2	LEPR
LPAR3	ST6GALNAC3
CCDC19	VSIG8
ANXA9	NUP210L
TMEM48	YIPF1
C1ORF51	MRPS21
LEPROT	LEPROT
ALG14	C1ORF194
MTATP8P1	PBXIP1
TNR	RFWD2
SAMD13	PRKACB
GTF2B	MUTYH
EIF4G3	GBP2
TARBP1	IRF2BP2
SWT1	DCAF8
GDAP2	GDAP2
PPP1R12B	SUSD4
MYSM1	DAB1
LYST	NID1
BRP44	DNM3
CYTOCHROME_B	MYH9
LOC100505666	EFNA4
B3GALT6	B3GALT6
SRSF11	ZRANB2
FGR	EFCAB2
ACOT7	TTC34
EIF3I	HDAC1
SUSD4	DEGS1
EFNA3	FLAD1
WARS2	RYR2
QSOX1	FLJ23867
ACOT7	NPHP4
RP11	
ATP2B4	PRELP
ACTN2	HSA
FMN2	DDX59
MOV10	MOV10
DENND4B	DENND4B
MIB2	PLEKHN1
SPATA17	SPATA17
KCNC4	GSTM4
JTB	JTB
FAF1	FAF1
COL16A1	DNAJC11
XPR1	KIAA1614
EPHA2	ARHGEF19
ADGRL2	AK5
OBSCN	CASZ1
TRIM62	DPYD
RHOU	RHOU
SZT2	EIF2B3
MTND2P28	LAPTM5
SMAP2	SMAP2
ZBTB40	TMEM57
C1ORF85	C1ORF61
SMYD2	PROX1
ZBTB17	MTOR
CCNL2	MRPL20
ACAP3	DVL1
ALG6	SLC22A15
ASH1L	RGS7
PTPRF	CCDC30
ATPIF1	ATPIF1
RP5	
MACF1	DAB1
SMG5	PAQR6
SORT1	FAF1
EIF2B3	HYI
IQGAP3	SH2D2A
GNPAT	C1ORF131
LOC100131564	LOC100131564
FHAD1	COL8A2
NFIA	NFIA
DUSP12	CR2
RHBDL2	GJA9
TMEM53	EIF2B3
TAF13	SORT1
PUM1	FNDC5
CLK2	ASH1L
PRRC2C	PRRC2C
RP5	
MTF2	GPSM2
CELSR2	SARS
THRAP3	EPHB2
NBPF4	NBPF7
SYTL1	WDTC1
RCOR3	RPS6KC1
DDI2	MTOR
UBE4B	NMNAT1
NOS1AP	F5
SMG5	MEF2D
LUZP1	GNB1
CD55	NEK2
KIFAP3	DUSP27
MYSM1	ATG4C
MTATP8P1	UFC1
RLF	COL9A2
ZBTB40	TCEA3
YY1AP1	PRCC
UBR4	C1QC
DIEXF	TRAF3IP3
SDCCAG8	DCAF6
GATAD2B	CRTC2
MAPKAPK2	RASSF5
NBPF14	NBPF11
MAN1A2	PDE4DIP
NSUN4	FAAH
GNG12	GNG12
C1ORF177	TTC4
LEPRE1	PRRC2C
DDAH1	ZNHIT6
ARHGEF11	SHC1
NPHP4	NPHP4
C1ORF43	SCAMP3
NVL	WDR26
TBX15	FMN2
ARHGEF11	ALDH9A1
S100A13	MTATP6P1
SFT2D2	GPR161
XPR1	ARHGEF11
IL12RB2	PDE4B
GATAD2B	RP11
PTGFRN	NOTCH2
MAGI3	RAP1A
SHC1	SHC1
FGGY	SLC1A7
CLIC4	C1ORF130
HSA	6723
SYF2	USP48
FAF1	DCAF6
CDC42BPA	ATP6V1G3
ZBTB7B	NUCKS1
PPIH	CCDC30
UBAP2L	KIAA1614
CRNN	IVL
FAF1	CHIA
FAM91A2	SEC22B
FAM76A	WDTC1
SELENBP1	UBE4B
UCK2	SELL
MARCKSL1	MARCKSL1
FLG2	HSA
HDAC1	LRRC42
GNB1	CALML6
AHDC1	CACHD1
PUM1	PQLC2
SNRNP40	BAI2
SORT1	PHF13
YY1AP1	CDK18
ZMYM4	BSDC1
TMEM206	RCOR3
TMEM206	RP4
KIF1B	TRIM11
RCC1	PHACTR4
ZNF670	
SPRR2A	MTATP6P1
CAMSAP1L1	DHRS3
MTATP6P1	BTG2
RAB3B	NRD1
GSTM5	GSTM4
HP1BP3	HP1BP3
DPM3	MUC1
RPF1	PRKACB
UROD	UROD
SDCCAG8	CEP170
NUAK2	CYB5R1
OBSCN	DISC1
ICMT	CAMTA1
MEGF6	WRAP73
ADCY2	RNF19B
AHDC1	TAF12
CRB1	IGFN1
MTATP8P1	PRPF38B
DCAF8	DCAF8
ZZZ3	ZZZ3
HDAC1	EIF3I
EDEM3	HHAT
FAF1	HCRTR1
IGSF9	SLAMF9
SAMD13	DNASE2B
GATAD2B	ERI3
RP5	
RPRD2	BOLA1
KLHL21	TNFRSF9
LRRC47	EIF3I
TMCC2	HMCN1
FAM36A	SDCCAG8
TBX15	MAGI3
HCRTR1	CYB5R1
NEK7	CD1C
MRTO4	CD55
HSA	6723
MPZL1	UCK2
MAN1A2	PTGFRN
HSA	6723
PSRC1	MYBPHL
TNFRSF1B	SLC30A7
CLIC4	SRRM1
YARS	RP11
CAPZA1	MIER1
ZFYVE9	USP33
CAMK2N1	ABCD3
NEGR1	ZFYVE9
ARID1A	DHDDS
LIN28A	CD52
HSPB7	ACTA1
RABGAP1L	PRDX6
PRCC	NTRK1
EGLN1	EGLN1
C1QA	C1QA
LRP8	USP24
KIF2C	C1ORF228
PHC2	ZSCAN20
IFFO2	UBR4
GMEB1	TRNAU1AP
MTND1P23	CHTOP
CPT2	SCP2
LAMC2	LAMC1
MIER1	DNM3
HSA	6723
PEX14	EPHA2
PDE4B	MOBKL2C
LGR6	GPR37L1
TRIM33	CSDE1
RP5	
RP5	
CHTOP	RAB13
CENPL	KLHL20
MAGOH	C1ORF123
ENO1	ENO1
C1QC	C1QC
RABGAP1L	ACBD6
GPR157	GON4L
PCNXL2	PCNXL2
CELA2A	CELA3A
CDC42SE1	C1ORF56
SRGAP2P2	SRGAP2
ARID4B	GNPAT
DNAH14	ENAH
MED8	ELOVL1
SMYD3	ZMYM4
EXO5	ZNF684
CDC73	SWT1
TMCO4	ERRFI1
CYB5R1	CYB5R1
FOXJ3	ELAVL4
KIF1B	AGTRAP
NEGR1	C1ORF173
HS2ST1	GBP6
PFDN2	NIT1
SIKE1	SIKE1
GPSM2	WDR47
WDR78	WDR78
NUDT17	POLR3C
SCMH1	CA6
MTATP8P1	HNRNPR
ERRFI1	LUZP1
MAGI3	RGS18
SPAG17	RABGAP1L
GPBP1L1	ZMPSTE24
ITLN1	ITLN2
FLG	
HSA	6723
PGD	CAMTA1
EPHB2	LYPLA2
ZNF697	ZNF697
ANKRD13C	HHLA3
TNNI1	TNNI1
FUBP1	RP11
CYP4A11	MTATP8P1
AKT3	KIF26B
KIAA1324	TBX15
ROR1	IL12RB2
GNAI3	CASQ2
VPS72	RORC
TNFAIP8L2	SCNM1
RC3H1	RC3H1
FAF1	TESK2
TESK2	CR2
WDTC1	FNBP1L
RPL22	SFPQ
LDLRAD1	FGGY
ATP1A1	VANGL1
MTATP8P1	SFPQ
SARS	KIAA1324
C1ORF9	DNM3
HEYL	COL9A2
TDRD5	RABGAP1L
FAM20B	FAM20B
GOLT1A	KISS1
PPM1J	RHOC
SRGAP2B	SRGAP2B
GNPAT	CAPN9
MACF1	AKIRIN1
DCAF8	FCRLA
PIP5K1A	C1ORF56
MTND2P28	ENSA
AHCYL1	LRRIQ3
EPHB2	NTRK1
TMED5	HFM1
LGALS8	EDARADD
KDM4A	KDM4A
ARID1A	YTHDF2
KCNN3	DCST2
MAN1A2	VANGL1
DAP3	RPRD2
ATG4C	INADL
ZNF672	ECE1
PRDX6	RABGAP1L
ABL2	ABL2
SEC16B	SEC16B
GBP7	GBP4
LRRC8B	LRRC8C
CTTNBP2NL	CTTNBP2NL
DHX9	XPR1
RBBP4	RBBP4
SPEN	TNFRSF1B
DISC1	LYPLAL1
TMEM201	SPSB1
VPS13D	TNFRSF1B
KDM4A	CREB3L4
MFSD2A	LAPTM5
ESRRG	ACBD3
CCT3	SYT2
DTL	INTS7
CYTOCHROME_B	ABPARTS
ZNF672	ZNF672
TACSTD2	DOCK7
FAM73A	FUBP1
TAGLN2	RRP15
RAP1GAP	USP48
CLSTN1	CLSTN1
PRPF3	OTUD7B
IGSF3	TBX15
CR1L	C1ORF116
USP48	MAN1C1
PEX11B	DNAJC11
ARHGEF10L	PADI6
RP5	
LAMC1	RBBP5
CCDC24	ST3GAL3
PPIE	PPIE
ATP8B2	GABPB2
OSBPL9	AGBL4
ZCCHC17	ZCCHC17
ATP6V0B	ATP6V0B
ARID4B	KLHL12
MUC1	FAM189B
PLEKHA6	PLEKHA6
BTG2	BTG2
C1ORF116	LIN9
COL24A1	ESRRG
GALNT2	KIF26B
FLVCR1	CDC42BPA
FUBP1	DNAJB4
JAK1	JAK1
PEA15	SNX27
DPYD	RGS5
UBQLN4	SERINC2
WDR77	OVGP1
CELA3B	CELA2B
MALAT1	ATRX
STX6	SMYD3
VAV3	WARS2
ARNT	F5
SPRR3	SERINC2
SIPA1L2	NTPCR
ETV3	MNDA
ARHGEF2	EIF2C3
RP5	
PLEKHA6	LRRN2
CAPN2	CAPN2
BC110832	BC023516
DSTYK	INTS3
CASZ1	UBE4B
FUBP1	SLC44A5
DSTYK	NAV1
SLAMF7	C1ORF96
SMYD3	SMYD3
SNX27	ADAR
LYPLAL1	GPATCH2
MTATP6P1	NASP
CSF1	LCE3D
GUK1	ARF1
NBPF9	NBPF9
ARL8A	ARL8A
C1ORF167	C1ORF167
SRGAP2P2	OLFML2B
ZCCHC11	NASP
MMEL1	KIF1B
SIPA1L2	TRIM11
PEX14	PTPN14
PHGDH	HMGCS2
CCT3	C1ORF61
KIF21B	F13B
KIAA0907	KIAA0907
ARID4B	SCCPDH
RFWD2	MSH4
ATF3	RP11
SPEN	PLEKHM2
SMG7	GLT25D2
NEK7	PTPRC
OMA1	RP11
POGZ	POGZ
CHRM3	CHRM3
CEP170	C1ORF100
PAPPA2	ACBD6
BSDC1	YARS
PHTF1	TTLL7
SHISA4	SHISA4
CYTOCHROME_B	SAFB2
EBNA1BP2	FMO3
NCSTN	CCT3
CAMSAP1L1	BCAR3
RAP1A	C1ORF162
SLC45A3	ELK4
IGSF21	C1ORF123
ST3GAL3	KDM4A
MACF1	FAF1
MUC1	KRTCAP2
RSBN1	PTPN22
ZBTB17	CROCC
PI4KB	SELENBP1
CDC42BPA	EPRS
ATPAF1	OSBPL9
AGBL4	ELAVL4
PFDN2	APOA2
LAMC1	GNAI3
PPP1R15B	PPP1R15B
VAV3	RGL1
ARF1	ARF1
TM2D1	TM2D1
RPRD2	VPS45
VPS13D	TNFRSF8
THRAP3	MUTYH
EPHB2	ZBTB40
HS2ST1	PRDX1
CPSF3L	ADCK3
PKP1	MTATP6P1
NUP133	TAF5L
FOXJ3	TUFT1
ARHGEF19	ANO7L1
UBE2J2	FAM132A
FCRL1	ILF2
S100A16	PDE4B
MAGI3	ATF6
CAPZB	TMCO4
VPS13D	IFFO2
ZNF644	ZNF644
ASH1L	ZNF687
KIAA1804	KIAA1804
VPS72	GABPB2
GOLPH3L	AKT3
SRP9	EPHX1
LOC728855	BC023516
SMYD3	TRIM58
LOC728855	BX647792
GNB1	NADK
S100PBP	ZBTB8A
ADAR	ADAR
KPNA6	EIF3I
FGGY	TRABD2B
MARK1	RHOU
TMEM56	RWDD3
MAN1A2	TTF2
SERINC2	ZCCHC17
EFCAB2	SDCCAG8
MIER1	MIER1
TMEM125	TMEM125
AP4B1	C1ORF88
MTND5	ABPARTS
IVNS1ABP	IVNS1ABP
RLF	MFSD2A
LAMC2	NMNAT2
PTGFRN	CD2
PARP1	PARP1
RP11	
AHCYL1	DENND2D
KIAA0319L	EIF4G3
RP5	
ASH1L	SPRR2G
LIN9	KDM5B
ECM1	HSA
MACF1	INADL
RAB25	PLEKHO1
B3GALNT2	LYST
TMEM9	KIAA1522
GBA	SCAMP3
NIPAL3	GRHL3
PTPN22	RSBN1
PRDM2	ARID1A
MIR548F1	NTRK1
MTATP6P1	TNNT2
GBP7	GBP2
SNAPIN	S100A1
WDR26	PPAP2B
CD55	PLD5
ENO1	TAS1R1
ATG4C	NFIA
HSA	6723
TOMM20	EPHB2
PDE4DIP	C1ORF186
UCK2	SNX27
ZBTB17	ARHGEF19
RERE	GNB1
RCC1	RCC1
CASZ1	MTOR
ENO1	RFWD2
DDAH1	WDR63
RPRD2	GOLPH3L
AKR7L	LOC100131564
GATAD2B	SLC9A11
PRRC2C	PRRX1
HSPB7	HSPB7
CYTOCHROME_B	RFWD3
RP11	
SYT2	PPFIA4
CLIC4	HSA
SNIP1	PUM1
HSA	6723
MAST2	ST3GAL3
NOS1AP	NOS1AP
RPL22	PRDM16
CD84	SLAMF7
RCC1	NEGR1
AKT3	HEATR1
WARS2	PHGDH
ENAH	UCHL5
CDC42BPA	ZNF678
RABGGTB	FOXJ3
RAB3B	PKN2
RLF	NDUFS5
PRRC2C	RFWD2
CTRC	CELA2A
MPZL1	PDE4DIP
CPSF3L	CPSF3L
NBPF1	KIAA1693
VPS13D	MFN2
RLF	SFPQ
MKNK1	KIAA0494
SH3D21	THRAP3
TMEM48	PPT1
SZT2	PRRC2C
EPHA10	COL8A2
B4GALT2	B4GALT2
EIF4G3	EIF4G3
OSBPL9	C1ORF87
SNHG3	ENAH
VPS72	VPS72
IGSF3	SYCP1
AK5	USP33
ACBD3	PARP1
RASAL2	ANKRD45
PTPN14	PTPN14
WDR47	WDR47
SPEN	EFHD2
MRPL37	MASP2
IGSF9	IGSF9
POU2F1	FMO1
HMGCL	GALE
GNPAT	TRIM67
ASH1L	RIT1
BCL9	IVL
TMIGD3	DDX20
MACF1	MARC2
BC073801	NBPF24
ATP2B4	GNAI3
HIAT1	RP11
SNIP1	GNL2
CRNN	SPRR3
MACF1	GRIK3
IRF2BP2	NTRK1
THRAP3	CAPZB
PBX1	PBX1
ROR1	PGM1
RABGAP1L	UCHL5
RP5	
PEX14	CASZ1
KDM5B	SYT14
DENND4B	NUP210L
GATAD2B	DCAF8
TESK2	UTS2
KDM4A	PTPRF
KIF26B	SDCCAG8
GAS5	C1ORF98
CDCA8	GRIK3
NBPF9	INTS3
NUCKS1	RAB7L1
PADI4	PADI4
PIK3R3	LRRC41
C1ORF174	SNAP47
NEXN	NEXN
GBAP1	GBA
XPR1	DEDD
ELOVL1	NFASC
POGK	FMOD
CDK18	CNTN2
PHTF1	RSBN1
HDGF	HDGF
BATF3	BATF3
RAB3GAP2	CNIH4
RCC1	ITGB3BP
PRDX6	PRDX6
RLF	FOXO6
PSMD4	RIIAD1
KHDRBS1	TMEM48
HSA	6723
CSDE1	CSDE1
CELA3A	CTRC
THAP3	LOC100129138
LOC100506963	PHC2
PRUNE	PI4KB
KIAA0494	ATPAF1
CERS2	MTATP8P1
SHC1	CKS1B
CAMTA1	LPAR3
SPEN	FBLIM1
AMPD1	DENND2C
ISG20L2	ISG20L2
TCEA3	ASAP3
MTOR	CAMTA1
ACOT7	KLHL21
ATF3	USH2A
PRDM2	RP11
FHL3	APOA2
ASH1L	GON4L
XPR1	TNR
YBX1	AXDND1
RP5	
MSH4	RABGGTB
FAM54B	BROX
LRRC7	RRP15
CASZ1	SLC9A1
SLC39A1	CRTC2
CLCA4	CLCA3
DENND1B	PRRC2C
ASH1L	SELL
ADSS	TPR
SPRR3	HSA
SCMH1	EIF2C3
ARHGEF11	SMCP
CCDC28B	IQCC
PYGO2	PBXIP1
COX20	SDCCAG8
MTOR	MTOR
WARS2	REG4
MTND2P28	LAMC2
MRPL37	BTF3L4
KIAA0319L	PHC2
UHMK1	PPOX
KDM4A	HYI
IKBKE	RPE65
COG2	PCNXL2
SLC45A3	ZBTB7B
SLC35A3	HIAT1
SEP15	COL24A1
PTPRU	KAZN
AKR1A1	AKR1A1
RP5	
AKT3	RGS7
ADSS	SERTAD4
TBCE	AIM2
NFASC	RP5
MTR	MTR
TOR1AIP2	ACBD6
SDC3	SDC3
MAPKAPK2	PLA2G2A
KIF1B	PGD
TACSTD2	TACSTD2
PMF1	
ARID1A	WDTC1
SPRR3	MTATP6P1
MXRA8	CDK11B
NFIA	FGGY
SV2A	SV2A
MTND2P28	RPL11
DTL	AGBL4
SLC2A1	CAPZB
PMF1	SYT11
CD34	HSA
UCHL5	C1ORF112
RERE	VAMP3
USP48	HSPG2
THRAP3	ARHGEF10L
ACOT7	MIB2
ST6GALNAC3	AK5
SETDB1	PLEKHO1
CREB3L4	CREB3L4
ICMT	GPR153
HNRNPR	KDM1A
FAF1	EPS15
NEK7	CRB1
SUSD4	RYR2
DHCR24	MTATP8P1
SRGAP2	SRGAP2P2
IL12RB2	DAB1
CCDC23	EBNA1BP2
TARS2	VPS45
USP1	EFCAB7
PTPRC	PTPRC
DENND4B	GATAD2B
KCNAB2	KIF1B
CTSK	CTSK
CA6	RER1
UQCRHL	RHOC
UBE2J2	MORN1
CSDE1	DENND2C
DCAF6	HMCN1
ANP32E	FMO5
TGFBR3	MUC1
TTC39A	PHGDH
MPZL1	MPZL1
USF1	UCK2
RABGAP1L	KLHL20
TNNT2	HSA
XPR1	RFWD2
RP5	
FHAD1	MFN2
L1TD1	ORC1
SRSF4	SNRNP40
NOS1AP	DCAF6
PRCC	HAPLN2
H6PD	PEX14
PRRC2C	CENPL
KCNT2	KCNT2
CASZ1	AGTRAP
KDM5B	KDM5B
RPS8	MTATP6P1
LEPROT	CTSS
NEGR1	ZRANB2
KIFAP3	C1ORF112
RCAN3	PHC2
PPIE	MYCL1
GPR137B	ZNF669
SMYD2	RGS7
ATG4C	LEPR
SDCCAG8	C1ORF101
PHACTR4	LRRC42
DR1	CCDC18
ACTA1	MTATP8P1
MLLT11	GABPB2
UCK2	DARS2
PLEKHM2	ZSWIM5
SPAG17	C1ORF194
CLIC4	GRHL3
DAB1	TTC22
CLCN6	CLCN6
ZC3H11A	TMCC2
CELA2B	CELA3B
ITPKB	ITPKB
RUSC1	
KIFAP3	BRP44
GNAI3	GPR61
MTND1P23	RPL11
KDM4A	MPL
CYTOCHROME_B	GTF2IP1
SEC16B	LOC730102
RP11	
NPPA	
AHDC1	DNAJC8
PRDM2	LRRC38
MTND1P23	CCT3
NEK7	SMYD3
GNAI3	GNAI3
RCC1	C1ORF43
MANEAL	S100A4
FAAH	RAD54L
C1ORF9	DARS2
DENND1B	FLJ20054
ACBD6	PGBD2
MT	
AMY2B	GAS5
LOC100288069	LOC731275
STX6	PRRC2C
CELA2B	CELA3A
NBPF3	NBPF15
ADIPOR1	RGS8
WDTC1	TMEM39B
NFASC	SOX13
ASH1L	LINC01133
KRTCAP2	PIGM
GPATCH2	GPATCH2
C1ORF101	C1ORF101
FOXJ3	ZMYND12
CGN	CGN
Y_RNA771	C2CD4D
DENND1B	RRP15
KIFAP3	COPA
S100A9	MTATP6P1
PUM1	OTUD7B
CD55	CENPL
ACOT7	NOL9
SNRNP40	PRDX1
ERRFI1	CACNA1E
GON4L	RIT1
HP1BP3	TMCO4
EFCAB2	AK027158
SPRR1A	SPRR3
GJA9	RRAGC
RXRG	FAM78B
ECE1	WNT4
SPATA6	BEND5
RPS6KC1	C1ORF101
GNG12	PLXNA2
UBQLN4	AHCYL1
CEP350	GPR161
AHDC1	MORN1
PEF1	OSBPL9
CNST	SMYD3
PEA15	PEA15
NECAP2	EPHA2
EIF4G3	C1ORF222
GTF2B	ODF2L
CTRC	CELA3B
ERRFI1	MFN2
KIF1B	SHISA4
NME7	DNM3
GALNT2	PGBD5
PRPF3	PRPF3
TAF12	ATAD3C
ACBD6	RRP15
MTND2P28	HNRNPU
ARHGEF10L	PADI4
CEP350	TDRD5
MAST2	NASP
CD55	RGS21
PER3	CELA2A
HSA	6723
FAM5C	DHX9
NBPF9	NBPF14
KPNA6	RHCE
CEP170	TSNAX
GNB1	SSU72
PPCS	CCDC30
RCC1	PHGDH
F11R	COPA
POU2F1	CD247
KIF26B	SMYD3
RGS5	RGS5
MIER1	LEPR
HSA	6723
FAF1	CYP4X1
EBNA1BP2	EBNA1BP2
LRRC8D	TMEM9
SUSD4	CRCT1
NPPA	
MEAF6	SCMH1
ARHGEF2	SMG5
SPATA6	MAD2L2
SNHG12	YIPF1
MTF1	SF3A3
KCNH1	LPGAT1
NOC2L	TCEB3
THRAP3	ERI3
PINK1	PINK1
HMGCL	HMGCL
TMEM56	DDOST
CNN3	CACHD1
SPEN	SPEN
SCCPDH	CNST
NEXN	AK5
KIRREL	CHD1L
PBX1	RHBG
MTATP6P1	RPL11
RNPC3	AMY2B
SMYD3	EDARADD
PAPPA2	ASTN1
CAP1	MACF1
CD46	MAPKAPK2
TRIM58	OR2T8
FOXJ3	FOXJ3
MTND2P28	SZRD1
DHX9	RASAL2
RPRD2	SHC1
CNIH4	CNST
TMEM59	TMEM59
CNST	RAP1GAP
RLF	PPIE
SRRM1	SRRM1
BAI2	SPOCD1
CREB3L4	FCER1A
CNN3	ALG14
TUFT1	CGN
CNN3	CNN3
USP48	C1ORF201
ARID1A	ARID1A
ARHGEF2	CCT3
ZNF687	ZNF687
CAPN8	CAPN8
NUDC	PEF1
PMF1	RAB25
SKI	PRKCZ
POGZ	GBA
HDAC1	KPNA6
CAMTA1	ERRFI1
HSPB11	SSBP3
ESRRG	ADCY10
ATP13A2	ATP13A2
RAB25	PMF1
RNF220	QSOX1
ECE1	PTPRF
THBS3	HDGF
BCL9	SMCP
POLR2L	PCDH19
HIVEP3	LRP8
ST3GAL3	PTPRF
RHBDL2	MYCBP
MAST2	MMEL1
RP5	
ADAM15	DCST1
ATP2B4	NFASC
EDEM3	GBAP1
MYCBP	RRAGC
TMCO4	PLA2G2A
FGGY	CC2D1B
UHMK1	CAP1
TMEM56	
UBE4B	KIF1B
EGLN1	PGBD5
PRUNE	LCE4A
DUSP12	NAV1
NUCKS1	NUCKS1
RERE	PTGER3
FAM54B	FAM54B
HIPK1	UROD
PGD	PGD
DDX20	TBX15
SDCCAG8	SDCCAG8
C1ORF21	LAMC1
ALG14	JAK1
PER3	PGD
PEX10	PEX10
RCC1	DAP3
TTC39A	C1ORF185
SLC6A17	DPYD
RASSF5	RASSF5
SLC25A24	NBPF6
PRKAA2	PRKAA2
ATP1B1	RCSD1
C1ORF131	RP11
KDM4A	FAF1
SLC30A7	HHIPL2
DOCK7	PPP1R12B
MIR29B2	MIR29B2
DENND1B	CRB1
FLNB	FLNA
SMG5	CCT3
GNB1	ELF3
DENND2D	DENND2D
NOS1AP	LRRC52
PRDX6	PPP1R8
RNPC3	GAS5
LCK	LCK
TGFBR3	NRD1
TSPAN1	TMEM59
ADAM15	CHD1L
ALG14	NRD1
NUF2	TIMM17A
MYOM3	NIPAL3
LYST	DISC1
ICMT	ACOT7
RP5	
PRDM2	PUM1
MTND2P28	PBXIP1
RABIF	KLHL12
SDF4	UBE2J2
CELA3A	AMY2B
HS2ST1	SH3GLB1
MTF1	SERINC2
SYDE2	DDAH1
ABCD3	DPYD
STK40	STK40
ENAH	SCCPDH
SLC35E2	GNB1
CELA3B	CELA2A
NUCKS1	SLC26A9
KDM4A	PTCH2
ADCY2	SH3BGRL3
NOS1AP	GLT25D2
ADSS	BPNT1
TUFT1	PKN2
STX6	RGS8
LOC606495	CDCP2
SRGAP2B	SRGAP2C
ECE1	PLA2G5
CLSTN1	IFFO2
CELA2A	AMY2B
RP5	
RP5	
OSBPL9	BTF3L4
ALDH9A1	MGST3
ARHGEF11	ETV3
CELA3B	CTRC
SNIP1	DNALI1
MTATP8P1	NASP
HSA	6723
THRAP3	EIF2C3
FGGY	RPS6KA1
UCK2	UCK2
NFYC	FAF1
SKI	CA6
ZFYVE9	ECHDC2
SLC30A7	RTCA
WASF2	ACOT7
GJA10	MYCBP
COL8A2	FHAD1
NEK7	CADM3
ZBTB17	FAM131C
ATP1A1OS	ATP1A1
TROVE2	CACNA1S
MAGI3	NOTCH2
CPSF3L	GNB1
SCYL3	KIFAP3
BLZF1	BRP44
C1ORF9	RASAL2
EPRS	USH2A
DCAF8	NME7
GATAD2B	GATAD2B
EVI5	RFWD2
VPS13D	RERE
HHAT	PPPDE1
BCAR3	ABCA4
CHTOP	S100A1
KIF26B	FMN2
ID3	ID3
TPM3	C1ORF43
KLHL20	DARS2
PER3	PER3
TMEM59	SSBP3
NECAP2	NECAP2
C1ORF213	PTCH2
CERS2	SETDB1
DEGS1	DEGS1
JA040725	SBNO2
PIGV	ZDHHC18
RAB3GAP2	RAB3GAP2
IL12RB2	SDC3
KDM5B	PPP1R12B
FDPS	ATP13A2
NAV1	NAV1
GPX7	FAM159A
CENPF	CENPF
LRP8	HSPG2
INADL	APITD1
BMP8A	PPIEL
GAS5	DHCR24
VANGL1	VANGL1
HYI	NFIA
PIAS3	REN
ASH1L	IQGAP3
LOC100272228	LOC100131434
PFDN2	MYCBP
NES	NPPA
SFN	MTATP6P1
GNG12	WLS
HSA	6723
DCAF8	EIF2D
AK026901	GTF2B
CELA3A	CELA2B
CLK2	PPP1R12B
YY1AP1	IQGAP3
RABGAP1L	LGR6
B4GALT3	ERO1LB
TXNIP	KLHL17
PTPRU	NOS1AP
SH3BGRL3	TPM3
CDC42BPA	MDS2
UCK2	PBX1
ACP6	BCL9
MAST2	NRAS
PEX14	KIF1B
ZBTB40	PRCC
RBM15	TXNIP
BC070106	CR936796
UAP1	C1ORF61
ADAR	UBE2J2
DEM1	MTF1
MTATP8P1	HNRNPU
ARID4B	IGFN1
LGALS8	RHBG
UBXN11	UBXN11
SERPINC1	MTATP8P1
RPRD2	S100A2
ALPL	EIF4G3
RYR2	GPR137B
CAPZB	CAPZB
NUDC	IGFN1
INADL	PDE4B
NOTCH2	NBPF20
HSPG2	HSPG2
CYTOCHROME_B	RPS2
PBX1	DISC1
ARV1	CAPN9
GALNT2	C1ORF198
OTUD7B	CTSS
CD58	CD58
LOC100286793	BX647792
RALGPS2	RALGPS2
SKI	KCNT2
SLAMF1	CD1C
YBX1	MUC1
APOA2	PFKFB2
LMNA	SYT11
ZBTB48	TAS1R1
SNHG3	GNB1
NOC2L	C1ORF159
ACOT11	MROH7
RERE	EIF4G3
CASZ1	SPSB1
ZZZ3	USP33
PSMB4	IGFN1
RBM8A	PEX11B
DENND1B	RCOR3
HSA	6723
GNAT2	GNAT2
NPPA	
SORT1	SPAG17
DCAF8	ETV3
SLC19A2	DCAF6
FBLIM1	CELA2B
TESK2	GPR37L1
NVL	NEK2
IFI16	IFI16
ADIPOR1	CYB5R1
RHBDL2	GJA10
ANKRD13C	PTGER3
AHCYL1	AHCYL1
NADK	GNB1
AKT3	ADSS
RASAL2	AL359075.1
WASF2	HSA
MAST2	MMACHC
SMYD2	LPGAT1
NAV1	TIMM17A
WASF2	AHDC1
GNAI3	KIAA1324
RLF	TRIT1
CEP85	STX12
NEGR1	CYP2J2
NOTCH2NL	NBPF10
RAB4A	WDR47
NFIA	TNNI3K
DFFA	DFFA
ZCCHC11	ELAVL4
MEGF6	PLCH2
RASAL2	SOAT1
NMNAT2	ATF6
LOC728875	BX647792
FLJ23867	QSOX1
LMX1A	LELP1
OMA1	DAB1
FLJ39739	BC065231
ARID4B	RBM34
HSPG2	MOV10
DRAXIN	AGTRAP
PSMB4	PSMB4
GNG5	RPF1
PPIE	UBR4
LEFTY1	TNNI1
TUFT1	RNF115
ITGA10	PEX11B
MTND2P28	CHTOP
NPHP4	ACOT7
GDAP2	SPAG17
RAP1GAP	CELA3B
S100A9	SPRR3
EIF4G3	HP1BP3
LOC100286793	NBPF14
SDHC	MPZ
RAP1A	ABCD3
GNB1	C1ORF222
UBE4B	PLEKHG5
RPL5	GNAI3
RLF	PPT1
PRRC2C	FMO1
C1ORF9	C1ORF105
C1ORF87	FGGY
LRIG2	CAPZA1
MTF2	RPL5
CHI3L1	CHI3L1
KHDRBS1	MIER1
SPEN	FHAD1
ZNF695	SMYD3
CFH	CFH
PPP1R12B	LGR6
CSMD2	USP48
UCK2	TBX19
ENAH	LIN9
PIP5K1A	MLLT11
PTPRF	C1ORF222
NEGR1	SRSF11
AGRN	UBE2J2
GPBP1L1	EFCAB14
FOXJ3	ZNF362
LEPROT	SGIP1
SLC44A3	ABCD3
TARBP1	RBM34
EPS15	C1ORF159
HS2ST1	LOC339524
TARBP1	CACHD1
NBPF20	SCAMP3
DAP3	TIPRL
UBE4B	MED18
SFPQ	SFPQ
RERE	TPM3
HSA	6723
RNF11	FAF1
CLSTN1	PLEKHG5
PLEKHM2	TMEM51
MTATP8P1	RPL11
MAPKAPK2	SRGAP2
PCNXL2	PTPN14
RBM34	GGPS1
FAF1	OSBPL9
CAMTA1	ZBTB48
RP5	
GOLPH3L	ARNT
EPS15	OSBPL9
ATF6	STX6
CYP4X1	CYP4X1
TBX15	AP4B1
NFIA	CLCA1
ZCCHC17	FABP3
CAMSAP2	CAMSAP2
CNKSR1	CNKSR1
ZZZ3	CLCA4
RFWD2	LRRC52
ACOT11	C8B
TCEANC2	TCEANC2
PUM1	SFPQ
DRAM2	TTF2
KIAA0319L	DLGAP3
RP5	
MTOR	MAD2L2
XPR1	TOR3A
RUNX3	RUNX3
APCS	APCS
GON4L	ARHGEF2
RABGAP1L	CACYBP
GALNT2	SPRTN
PIK3R3	EPB41
RERE	CYP4A11
PRCC	BTF3L4
CDC42	KIAA0319L
NOTCH2	PSMA5
NOTCH2	SPAG17
TXLNA	TXLNA
IARS2	POU2F1
MTND1P23	PRDX1
DUSP10	SUSD4
TRIM33	SHC1
LAD1	LAD1
RPA2	EPB41
NBPF1	NBPF15
ZMYM4	UTP11L
ECE1	ECE1
GNG12	SPATA6
PRPF3	CTSS
WASF2	TMEM222
FAF1	NFIA
NOTCH2NL	SEC22B
C1ORF159	SDF4
MTATP6P1	HSPB7
BSDC1	FAM229A
MTATP8P1	PRDX1
RCC1	DHX9
RAVER2	CPSF3L
POU2F1	MAEL
RRNAD1	ARNT
CAPZA1	CLCC1
FOXJ3	EIF4G3
PUM1	YARS
CELA2A	CELA2B
PRDX1	PRDX1
RAB3GAP2	SRGAP2P2
PGM1	PGM1
ACBD6	XPR1
BCAR3	BCAR3
OSCP1	IGSF21
RERE	ZSWIM5
CD46	CD46
EFHD2	FHAD1
VANGL2	PDE4DIP
LEPR	MEF2D
IFI44L	IFI44L
EPRS	DNAH14
LYSMD1	MFSD4
RPS6KC1	VASH2
SLC2A1	TSPAN1
INTS7	DTL
RAB3B	TXNDC12
THAP3	LCK
ZMYM4	SMYD3
MFSD2A	SLC5A9
PARK7	LOC102724539
MDM4	MDM4
PHACTR4	SESN2
TGFBR3	EDARADD
SMG5	PMF1
COX20	COX20
SCMH1	HIVEP3
ERRFI1	UBE2J2
ZNF684	EIF2B3
DNAJC8	PTAFR
ACBD6	IVNS1ABP
LPHN2	AK5
POU2F1	POU2F1
WARS2	TBX15
GON4L	C1ORF61
EIF4G3	LAMC1
SDHB	SDHB
ARID1A	PRDM2
DHCR24	PCNXL2
CAMK2N1	FAM5C
PEX14	PRG4
CSMD2	DNAH14
CHRM3	SYT14
UBE2Q1	MAEL
NUCKS1	SDCCAG8
MAST2	OMA1
SRRM1	C1ORF135
RPS6KC1	LYST
RNF220	TMEM53
RABGGTB	SLC44A5
ARHGEF11	ETV3L
AK4	TMEM48
GNB1	TARDBP
RERE	PIK3CD
MUC1	PKLR
YIPF1	USP24
NSL1	TMEM206
PPPDE1	C1ORF101
SDC3	TAF12
SNX27	PIP5K1A
RCC1	SERINC2
MROH7	TTC4
NCSTN	NCSTN
TEX38	EFCAB14
ZBTB8OS	YARS
ENSA	KLHDC9
FLJ23867	FLJ23867
UAP1	LIX1L
IRF6	IRF6
C1ORF21	INTS7
PTPRF	GUCA2A
KHDRBS1	KHDRBS1
ELAVL4	FAF1
ASH1L	RC3H1
TP73	CEP104
RRAGC	RHBDL2
ACOT7	FUCA1
ABCA4	MMACHC
MTATP8P1	IVNS1ABP
B3GALNT2	LBR
LGR6	NAV1
TMEM51	KAZN
DSTYK	CSRP1
MAST2	AKR1A1
ERO1LB	HEATR1
PTPRF	B4GALT2
RPL11	ILF2
YBX1	YBX1
MEX3A	MEX3A
ARL8A	UBE2T
ATF6	SH2D1B
CEP170	RGS7
ST3GAL3	TGFBR3
MROH9	RP1
CRTC2	KIAA0907
NSL1	NSL1
KIRREL	ZFYVE9
ZMYM4	ZMYM1
SNAP47	SNAP47
ACTA1	HSA
UBQLN4	MEF2D
C1ORF151	
KAZN	ST3GAL3
PVRL4	PFDN2
OTUD7B	HORMAD1
OBSCN	IGSF21
YIPF1	TMEM59
NBPF9	NBPF15
USP48	USP48
ATP1A1	IGSF3
HSA	6723
ATP1A1	NOTCH2
C1ORF183	DHRS3
S100A8	S100A8
ACOT7	DNAJC11
ZNF644	PTGER3
C1ORF21	FAM73A
PIK3CD	PIK3CD
TESK2	PDZK1IP1
MAP7D1	EIF2C3
CDC73	TROVE2
GABPB2	MLLT11
MACF1	RHBDL2
ZMPSTE24	TMCO2
TXNIP	TXNIP
RLF	SMAP2
PCNXL2	COG2
MACF1	PTPRU
PDE4D	ODZ1
CD1C	CAMTA1
GNRHR2	S100A13
BCAR3	TMED5
SPEN	CTRC
WDR78	LRRC40
EFNA4	RUSC1
SLC25A44	PRKACB
C1ORF151	NBL1
TRIM33	BCAR3
CTRC	CELA3A
PLK3	PLK3
RAB13	JTB
CHD1L	LCE1A
NEK7	RPS6KC1
COPA	SLAMF1
DAB1	OMA1
GCSAML	UBE4B
ZNF281	ZNF281
ZNF496	ZNF496
IBA57	IBA57
PLD5	ADSS
CROCC	CROCCP2
STK40	OSCP1
CEP350	TOR1AIP1
ASH1L	UBQLN4
ASTN1	ASTN1
PHC2	CSMD2
ZBTB17	FBXO42
SLC9C2	RABGAP1L
DAB1	CREG1
SRGAP2P2	FAM91A2
EFNA3	HFE2
MAN1A2	MAN1A2
SH3D21	EIF2C3
PIK3R3	ZSWIM5
RP5	
FLVCR1	
DSTYK	LEMD1
SMYD3	ZNF695
ASH1L	ARHGEF2
PTPRF	PDE4B
SCMH1	PPT1
FPGT	TNNI3K
SMYD3	COPA
NOL9	ESPN
CEP170	AKT3
SDHC	NDUFS2
SLC6A10P	SLC6A8
PUM1	CSMD2
CEP170	CNST
ENO1	ARHGAP30
GATAD2B	ASH1L
FOXJ3	ZFYVE9
CDC42	CELA3A
AK123450	DNAJC6
KPNA6	KHDRBS1
PPT1	HIVEP3
DAB1	TMEM59
MEGF6	MUL1
POU2F1	RPRD2
SMYD2	PGBD2
INADL	ST6GALNAC5
UBR4	PAX7
RPL22	CHD5
SLC19A2	C1ORF114
CHRM3	FMN2
ARHGEF2	PAQR6
AKT3	SDCCAG8
SIKE	CSDE1
PBX1	ILDR2
MASP2	EXOSC10
GON4L	CA14
MTATP6P1	ACTN2
SHC1	ASH1L
BCAR3	DNTTIP2
LEPRE1	ERI3
C1ORF116	C1ORF116
LRRC8D	C1ORF168
FGGY	ATP2B4
YARS	SPEN
DNAH14	ARF1
ECE1	RHCE
PPFIA4	SYT2
HSA	6723
AD_1	AK024535
TRIM33	COL24A1
ST3GAL3	TIE1
SLC30A10	ZC3H11B
CC2D1B	CC2D1B
TAF12	RERE
ARID1A	THBS3
KDM5B	RASAL2
SMG7	SMG7
SUSD4	NVL
CEP170	IFI16
EPS15	INADL
SLC35E2B	CDK11A
EGLN1	PTPRF
C1ORF86	ZC3H11A
PRKAA2	USP24
SPRR2A	HSA
F11R	USF1
CYTOCHROME_B	PPP1R12B
ASH1L	GATAD2B
ARHGEF2	SSR2
PLCH2	KHDRBS1
GON4L	UBQLN4
UBE2Q1	VPS72
TRIT1	PPIE
HSA	6723
POLR3C	POLR3C
LAMTOR5	
RP5	
AKR7L	CAPZB
MED8	SCMH1
ATP1A2	C4BPA
ACOT11	C1ORF175
LOC653513	PDE4DIP
OBSCN	KCNK2
F11R	NOS1AP
TMED5	ADORA3
ELOVL1	ELOVL1
HCN3	MUC1
CALML6	EYA3
RPS6KC1	CD34
RASAL2	KIF14
DOCK7	MYSM1
SPATA6	FAF1
RGL1	POU2F1
FAAH	FAAH
TRIM33	TRIM33
RPS6KA1	LIN28A
RNF11	TMEM61
PIGK	ST6GALNAC3
RP5	
SLAMF1	KIF26B
ADCK3	EPHX1
FAF1	LRRC7
MOV10	SYCP1
POU2F1	LOC440700
ERRFI1	ERRFI1
COL11A1	IVNS1ABP
PER3	CAMTA1
GALNT2	RGS7
PADI4	AKR7A3
ASH1L	INSRR
GGPS1	TBCE
WASF2	IFI6
SDF4	SDF4
ENO1	EDARADD
UBE2Q1	UBE2Q1
RP4	
FAM102B	TMEM56
MAST2	MAST2
SLC25A44	PMF1
BRDT	EPHX4
BC110832	BC065231
FBXO28	IFI16
MTATP6P1	ACTA1
SASS6	SASS6
DHX9	KDM5B
TMEM48	SSBP3
PUSL1	AGRN
MTND2P28	DHX9
KIAA1522	PEX10
RP5	
NBPF11	NBPF14
PTBP2	KAZN
RLF	CAP1
FAM46C	WDR3
MIER1	GPR177
MAN1C1	RP11
DENND1B	RGL1
PI4KB	SYT11
MR1	MR1
TPR	NTRK1
XPR1	SFT2D2
SLC25A44	LMNA
PSMB2	PSMB2
S100A6	PAPPA2
CAMK2N1	CAMK2N1
TRIT1	MYCL1
CELA2B	CTRC
HSA	6723
CYB5R1	ADIPOR1
MOSC2	C1ORF143
RCC2	PADI4
APITD1	
CLIC4	RCAN3
SRSF4	MECR
RP11	
ARID4B	PCNXL2
ST3GAL3	SSBP3
JAK1	HSD11B1
EIF2C4	EIF2C4
HMGN2	ARID1A
MTMR9LP	EIF3I
TTC4	SSBP3
RWDD3	CCDC18
KDM1A	LUZP1
MAGI3	SPAG17
PIGR	PIGR
ARHGAP29	DNAJC6
MAN1A2	CD101
SETDB1	CERS2
HDAC1	PHACTR4
PDE4DIP	LOC728989
HSA	6723
SSR2	KIAA0907
S100A13	S100A13
ARID1A	HMGN2
HHIPL2	TLR5
SPRR3	CRNN
SERINC2	PFDN2
HSA	6723
NBPF11	NBPF11
UBAP2L	PTPRC
OSBPL9	C1ORF185
RYR2	WLS
SF3A3	HPCAL4
EPS15	EPS15
KIF26B	AKT3
ASH1L	C1ORF87
KIAA1614	F11R
S100A14	S100A14
PABPC4	MACF1
PRUNE	C1ORF54
EDEM3	EDEM3
CELSR2	KIAA1324
CELA2A	MTATP6P1
SPEN	TTC34
IQGAP3	ETV3
C1ORF132	CHRM3
C1ORF49	FLJ35530
AKIRIN1	PPIE
ADAR	GPATCH4
LMNA	LMNA
HHAT	RFWD2
MFSD2A	MFSD2A
GON4L	YY1AP1
RAP1A	CD2
KIAA0319L	ODF2L
PHTF1	PTPN22
TCEA3	TCEA3
HIVEP3	C1ORF168
DDR2	CHD1L
EPB41	ATPIF1
NBPF15	ARID1A
HDAC1	TSSK3
CNST	RGS7
NUAK2	LEMD1
POGZ	HHIPL2
RABGAP1L	DARS2
PBXIP1	PMVK
C1ORF172	SLC9A1
SCMH1	CASP9
OSCP1	WDTC1
ENAH	ENAH
HIPK1	LRRC42
CYTOCHROME_B	SAFB
NPPA	
DNAJC8	C1ORF172
NFIA	ST6GALNAC3
ATP8B2	ADAR
C1ORF196	PHGDH
TRIM33	CSMD2
CD55	CD34
PUM1	HS2ST1
RGL1	HMCN1